cycle_start_year,biomarker,N_mortality_eligible,missing_N,missing_percent,denominator_population
1999,LBXSAL,5445,826,15.16988062442608,mortality_eligible_before_complete_case_restriction
1999,LBXSCR,5445,826,15.16988062442608,mortality_eligible_before_complete_case_restriction
1999,LBXGLU,5445,3168,58.18181818181818,mortality_eligible_before_complete_case_restriction
1999,LBXLYPCT,5445,762,13.994490358126722,mortality_eligible_before_complete_case_restriction
1999,LBXMCV,5445,732,13.443526170798899,mortality_eligible_before_complete_case_restriction
1999,LBXRDW,5445,732,13.443526170798899,mortality_eligible_before_complete_case_restriction
1999,LBXSAPSI,5445,826,15.16988062442608,mortality_eligible_before_complete_case_restriction
1999,LBXWBCSI,5445,732,13.443526170798899,mortality_eligible_before_complete_case_restriction
2001,LBXSAL,5987,778,12.994822114581593,mortality_eligible_before_complete_case_restriction
2001,LBXSCR,5987,778,12.994822114581593,mortality_eligible_before_complete_case_restriction
2001,LBXGLU,5987,778,12.994822114581593,mortality_eligible_before_complete_case_restriction
2001,LBXLYPCT,5987,717,11.975947887088692,mortality_eligible_before_complete_case_restriction
2001,LBXMCV,5987,690,11.524970770001671,mortality_eligible_before_complete_case_restriction
2001,LBXRDW,5987,690,11.524970770001671,mortality_eligible_before_complete_case_restriction
2001,LBXSAPSI,5987,778,12.994822114581593,mortality_eligible_before_complete_case_restriction
2001,LBXWBCSI,5987,690,11.524970770001671,mortality_eligible_before_complete_case_restriction
2003,LBXSAL,5610,650,11.58645276292335,mortality_eligible_before_complete_case_restriction
2003,LBXSCR,5610,650,11.58645276292335,mortality_eligible_before_complete_case_restriction
2003,LBXGLU,5610,650,11.58645276292335,mortality_eligible_before_complete_case_restriction
2003,LBXLYPCT,5610,591,10.53475935828877,mortality_eligible_before_complete_case_restriction
2003,LBXMCV,5610,561,10.0,mortality_eligible_before_complete_case_restriction
2003,LBXRDW,5610,561,10.0,mortality_eligible_before_complete_case_restriction
2003,LBXSAPSI,5610,650,11.58645276292335,mortality_eligible_before_complete_case_restriction
2003,LBXWBCSI,5610,561,10.0,mortality_eligible_before_complete_case_restriction
2005,LBXSAL,5561,586,10.537673080381227,mortality_eligible_before_complete_case_restriction
2005,LBXSCR,5561,586,10.537673080381227,mortality_eligible_before_complete_case_restriction
2005,LBXGLU,5561,3137,56.41071749685308,mortality_eligible_before_complete_case_restriction
2005,LBXLYPCT,5561,557,10.016184139543247,mortality_eligible_before_complete_case_restriction
2005,LBXMCV,5561,535,9.620571839597195,mortality_eligible_before_complete_case_restriction
2005,LBXRDW,5561,535,9.620571839597195,mortality_eligible_before_complete_case_restriction
2005,LBXSAPSI,5561,586,10.537673080381227,mortality_eligible_before_complete_case_restriction
2005,LBXWBCSI,5561,535,9.620571839597195,mortality_eligible_before_complete_case_restriction
2007,LBXSAL,6219,655,10.532239909953368,mortality_eligible_before_complete_case_restriction
2007,LBXSCR,6219,656,10.548319665541083,mortality_eligible_before_complete_case_restriction
2007,LBXGLU,6219,3468,55.76459237819585,mortality_eligible_before_complete_case_restriction
2007,LBXLYPCT,6219,626,10.065926997909632,mortality_eligible_before_complete_case_restriction
2007,LBXMCV,6219,612,9.84081041968162,mortality_eligible_before_complete_case_restriction
2007,LBXRDW,6219,612,9.84081041968162,mortality_eligible_before_complete_case_restriction
2007,LBXSAPSI,6219,657,10.5643994211288,mortality_eligible_before_complete_case_restriction
2007,LBXWBCSI,6219,613,9.856890175269337,mortality_eligible_before_complete_case_restriction
2009,LBXSAL,6510,561,8.617511520737327,mortality_eligible_before_complete_case_restriction
2009,LBXSCR,6510,561,8.617511520737327,mortality_eligible_before_complete_case_restriction
2009,LBXGLU,6510,3581,55.00768049155146,mortality_eligible_before_complete_case_restriction
2009,LBXLYPCT,6510,500,7.680491551459293,mortality_eligible_before_complete_case_restriction
2009,LBXMCV,6510,491,7.542242703533026,mortality_eligible_before_complete_case_restriction
2009,LBXRDW,6510,491,7.542242703533026,mortality_eligible_before_complete_case_restriction
2009,LBXSAPSI,6510,561,8.617511520737327,mortality_eligible_before_complete_case_restriction
2009,LBXWBCSI,6510,491,7.542242703533026,mortality_eligible_before_complete_case_restriction
2011,LBXSAL,5849,700,11.96785775346213,mortality_eligible_before_complete_case_restriction
2011,LBXSCR,5849,700,11.96785775346213,mortality_eligible_before_complete_case_restriction
2011,LBXGLU,5849,3254,55.6334416139511,mortality_eligible_before_complete_case_restriction
2011,LBXLYPCT,5849,545,9.31783210805266,mortality_eligible_before_complete_case_restriction
2011,LBXMCV,5849,540,9.232347409813643,mortality_eligible_before_complete_case_restriction
2011,LBXRDW,5849,540,9.232347409813643,mortality_eligible_before_complete_case_restriction
2011,LBXSAPSI,5849,702,12.002051632757736,mortality_eligible_before_complete_case_restriction
2011,LBXWBCSI,5849,540,9.232347409813643,mortality_eligible_before_complete_case_restriction
2013,LBXSAL,6100,482,7.901639344262295,mortality_eligible_before_complete_case_restriction
2013,LBXSCR,6100,482,7.901639344262295,mortality_eligible_before_complete_case_restriction
2013,LBXGLU,6100,3377,55.36065573770492,mortality_eligible_before_complete_case_restriction
2013,LBXLYPCT,6100,430,7.049180327868853,mortality_eligible_before_complete_case_restriction
2013,LBXMCV,6100,414,6.786885245901639,mortality_eligible_before_complete_case_restriction
2013,LBXRDW,6100,414,6.786885245901639,mortality_eligible_before_complete_case_restriction
2013,LBXSAPSI,6100,483,7.918032786885246,mortality_eligible_before_complete_case_restriction
2013,LBXWBCSI,6100,414,6.786885245901639,mortality_eligible_before_complete_case_restriction
2015,LBXSAL,5974,600,10.04352192835621,mortality_eligible_before_complete_case_restriction
2015,LBXSCR,5974,601,10.060261131570137,mortality_eligible_before_complete_case_restriction
2015,LBXGLU,5974,3406,57.01372614663542,mortality_eligible_before_complete_case_restriction
2015,LBXLYPCT,5974,564,9.440910612654838,mortality_eligible_before_complete_case_restriction
2015,LBXMCV,5974,563,9.42417140944091,mortality_eligible_before_complete_case_restriction
2015,LBXRDW,5974,563,9.42417140944091,mortality_eligible_before_complete_case_restriction
2015,LBXSAPSI,5974,601,10.060261131570137,mortality_eligible_before_complete_case_restriction
2015,LBXWBCSI,5974,563,9.42417140944091,mortality_eligible_before_complete_case_restriction
