status,interpretation,cohort,risk_score,C_index,HR_per_1SD,HR_95CI_low,HR_95CI_high,p,corr_age
historical_submitted_not_current,provenance_only; PhysioRisk HR did not converge and TotalRisk_2axis is the obsolete unit-weight composite,test_benchmark,BaselineRisk,0.8268759556245865,3.7356724772038397,3.3467678475369658,4.16976901078112,4.376900458979695e-122,0.9697340217553347
historical_submitted_not_current,provenance_only; PhysioRisk HR did not converge and TotalRisk_2axis is the obsolete unit-weight composite,test_benchmark,PhysioRisk_2axis,0.6541097324576873,2.771657907710413,2.6556805843944264,2.8927001245992865,0.0,0.1062334525000339
historical_submitted_not_current,provenance_only; PhysioRisk HR did not converge and TotalRisk_2axis is the obsolete unit-weight composite,test_benchmark,TotalRisk_2axis,0.8397598456669201,1.8774671602434785,1.8152353815972566,1.9418324331531627,1.0779533701821937e-293,0.8109273543532356
historical_submitted_not_current,provenance_only; PhysioRisk HR did not converge and TotalRisk_2axis is the obsolete unit-weight composite,test_benchmark,PhenoAge_noCRP_proxy,0.8411083058259249,3.9761176968230267,3.6369241216837045,4.346945773416433,3.3982616069242164e-202,0.9613694861167088
historical_submitted_not_current,provenance_only; PhysioRisk HR did not converge and TotalRisk_2axis is the obsolete unit-weight composite,test_benchmark,PhenoAgeAccel,0.6378574838608211,1.4321475073457768,1.3599316104494226,1.5081982557335392,3.701779775864974e-42,0.03329887535241109
historical_submitted_not_current,provenance_only; PhysioRisk HR did not converge and TotalRisk_2axis is the obsolete unit-weight composite,train_benchmark,BaselineRisk,0.8545950605949841,4.2862217116395,4.097473522326294,4.483664497458307,0.0,0.9714473849983241
historical_submitted_not_current,provenance_only; PhysioRisk HR did not converge and TotalRisk_2axis is the obsolete unit-weight composite,train_benchmark,PhysioRisk_2axis,0.6023730241262267,1.3336118614054655,1.2948798741651244,1.3735023861020732,1.068879010459726e-81,-1.3230246123573636e-16
historical_submitted_not_current,provenance_only; PhysioRisk HR did not converge and TotalRisk_2axis is the obsolete unit-weight composite,train_benchmark,TotalRisk_2axis,0.8575252821484939,2.4266564388419023,2.371735540257912,2.4828491086879385,0.0,0.7903361773219766
historical_submitted_not_current,provenance_only; PhysioRisk HR did not converge and TotalRisk_2axis is the obsolete unit-weight composite,train_benchmark,PhenoAge_noCRP_proxy,0.8643351537172889,3.669860134047393,3.5559104792914127,3.7874613216230624,0.0,0.9577213008427974
historical_submitted_not_current,provenance_only; PhysioRisk HR did not converge and TotalRisk_2axis is the obsolete unit-weight composite,train_benchmark,PhenoAgeAccel,0.5856095610141887,1.2461976003143944,1.2190912547167454,1.273906652205618,1.1278492318872788e-85,2.646528174239926e-16
