cycle_start_year,biomarker,N,missing_N,missing_percent,value_provenance,cohort
1999,LBXGLU,1957,0,0.0,recomputed/revised,retained_benchmark
1999,LBXLYPCT,1957,0,0.0,recomputed/revised,retained_benchmark
1999,LBXMCV,1957,0,0.0,recomputed/revised,retained_benchmark
1999,LBXRDW,1957,0,0.0,recomputed/revised,retained_benchmark
1999,LBXSAL,1957,0,0.0,recomputed/revised,retained_benchmark
1999,LBXSAPSI,1957,0,0.0,recomputed/revised,retained_benchmark
1999,LBXSCR,1957,0,0.0,recomputed/revised,retained_benchmark
1999,LBXWBCSI,1957,0,0.0,recomputed/revised,retained_benchmark
2001,LBXGLU,2217,0,0.0,recomputed/revised,retained_benchmark
2001,LBXLYPCT,2217,0,0.0,recomputed/revised,retained_benchmark
2001,LBXMCV,2217,0,0.0,recomputed/revised,retained_benchmark
2001,LBXRDW,2217,0,0.0,recomputed/revised,retained_benchmark
2001,LBXSAL,2217,0,0.0,recomputed/revised,retained_benchmark
2001,LBXSAPSI,2217,0,0.0,recomputed/revised,retained_benchmark
2001,LBXSCR,2217,0,0.0,recomputed/revised,retained_benchmark
2001,LBXWBCSI,2217,0,0.0,recomputed/revised,retained_benchmark
2003,LBXGLU,1892,0,0.0,recomputed/revised,retained_benchmark
2003,LBXLYPCT,1892,0,0.0,recomputed/revised,retained_benchmark
2003,LBXMCV,1892,0,0.0,recomputed/revised,retained_benchmark
2003,LBXRDW,1892,0,0.0,recomputed/revised,retained_benchmark
2003,LBXSAL,1892,0,0.0,recomputed/revised,retained_benchmark
2003,LBXSAPSI,1892,0,0.0,recomputed/revised,retained_benchmark
2003,LBXSCR,1892,0,0.0,recomputed/revised,retained_benchmark
2003,LBXWBCSI,1892,0,0.0,recomputed/revised,retained_benchmark
2005,LBXGLU,2009,0,0.0,recomputed/revised,retained_benchmark
2005,LBXLYPCT,2009,0,0.0,recomputed/revised,retained_benchmark
2005,LBXMCV,2009,0,0.0,recomputed/revised,retained_benchmark
2005,LBXRDW,2009,0,0.0,recomputed/revised,retained_benchmark
2005,LBXSAL,2009,0,0.0,recomputed/revised,retained_benchmark
2005,LBXSAPSI,2009,0,0.0,recomputed/revised,retained_benchmark
2005,LBXSCR,2009,0,0.0,recomputed/revised,retained_benchmark
2005,LBXWBCSI,2009,0,0.0,recomputed/revised,retained_benchmark
2007,LBXGLU,2431,0,0.0,recomputed/revised,retained_benchmark
2007,LBXLYPCT,2431,0,0.0,recomputed/revised,retained_benchmark
2007,LBXMCV,2431,0,0.0,recomputed/revised,retained_benchmark
2007,LBXRDW,2431,0,0.0,recomputed/revised,retained_benchmark
2007,LBXSAL,2431,0,0.0,recomputed/revised,retained_benchmark
2007,LBXSAPSI,2431,0,0.0,recomputed/revised,retained_benchmark
2007,LBXSCR,2431,0,0.0,recomputed/revised,retained_benchmark
2007,LBXWBCSI,2431,0,0.0,recomputed/revised,retained_benchmark
2009,LBXGLU,2584,0,0.0,recomputed/revised,retained_benchmark
2009,LBXLYPCT,2584,0,0.0,recomputed/revised,retained_benchmark
2009,LBXMCV,2584,0,0.0,recomputed/revised,retained_benchmark
2009,LBXRDW,2584,0,0.0,recomputed/revised,retained_benchmark
2009,LBXSAL,2584,0,0.0,recomputed/revised,retained_benchmark
2009,LBXSAPSI,2584,0,0.0,recomputed/revised,retained_benchmark
2009,LBXSCR,2584,0,0.0,recomputed/revised,retained_benchmark
2009,LBXWBCSI,2584,0,0.0,recomputed/revised,retained_benchmark
2011,LBXGLU,2242,0,0.0,recomputed/revised,retained_benchmark
2011,LBXLYPCT,2242,0,0.0,recomputed/revised,retained_benchmark
2011,LBXMCV,2242,0,0.0,recomputed/revised,retained_benchmark
2011,LBXRDW,2242,0,0.0,recomputed/revised,retained_benchmark
2011,LBXSAL,2242,0,0.0,recomputed/revised,retained_benchmark
2011,LBXSAPSI,2242,0,0.0,recomputed/revised,retained_benchmark
2011,LBXSCR,2242,0,0.0,recomputed/revised,retained_benchmark
2011,LBXWBCSI,2242,0,0.0,recomputed/revised,retained_benchmark
2013,LBXGLU,2369,0,0.0,recomputed/revised,retained_benchmark
2013,LBXLYPCT,2369,0,0.0,recomputed/revised,retained_benchmark
2013,LBXMCV,2369,0,0.0,recomputed/revised,retained_benchmark
2013,LBXRDW,2369,0,0.0,recomputed/revised,retained_benchmark
2013,LBXSAL,2369,0,0.0,recomputed/revised,retained_benchmark
2013,LBXSAPSI,2369,0,0.0,recomputed/revised,retained_benchmark
2013,LBXSCR,2369,0,0.0,recomputed/revised,retained_benchmark
2013,LBXWBCSI,2369,0,0.0,recomputed/revised,retained_benchmark
2015,LBXGLU,2128,0,0.0,recomputed/revised,retained_benchmark
2015,LBXLYPCT,2128,0,0.0,recomputed/revised,retained_benchmark
2015,LBXMCV,2128,0,0.0,recomputed/revised,retained_benchmark
2015,LBXRDW,2128,0,0.0,recomputed/revised,retained_benchmark
2015,LBXSAL,2128,0,0.0,recomputed/revised,retained_benchmark
2015,LBXSAPSI,2128,0,0.0,recomputed/revised,retained_benchmark
2015,LBXSCR,2128,0,0.0,recomputed/revised,retained_benchmark
2015,LBXWBCSI,2128,0,0.0,recomputed/revised,retained_benchmark
