input_role,cycle,url,filename,sha256,bytes,rows
NCHS 2019 public linked-mortality file,1999-2000,https://ftp.cdc.gov/pub/Health_Statistics/NCHS/datalinkage/linked_mortality/NHANES_1999_2000_MORT_2019_PUBLIC.dat,NHANES_1999_2000_MORT_2019_PUBLIC.dat,562bd367107add0b2b40fed36a062d8b194fca31e11aab897a0efad4bebc8b26,487666,9965
NCHS 2019 public linked-mortality file,2001-2002,https://ftp.cdc.gov/pub/Health_Statistics/NCHS/datalinkage/linked_mortality/NHANES_2001_2002_MORT_2019_PUBLIC.dat,NHANES_2001_2002_MORT_2019_PUBLIC.dat,2788c8c8a02995ea5686882b5fe65b4b9cd415016031525f8a3c1a3646c47f1b,540362,11039
NCHS 2019 public linked-mortality file,2003-2004,https://ftp.cdc.gov/pub/Health_Statistics/NCHS/datalinkage/linked_mortality/NHANES_2003_2004_MORT_2019_PUBLIC.dat,NHANES_2003_2004_MORT_2019_PUBLIC.dat,639f6b3292a55b112fbfc842954af3d8d32bcce287cd8ae49319e5aca1c033c0,495722,10122
NCHS 2019 public linked-mortality file,2005-2006,https://ftp.cdc.gov/pub/Health_Statistics/NCHS/datalinkage/linked_mortality/NHANES_2005_2006_MORT_2019_PUBLIC.dat,NHANES_2005_2006_MORT_2019_PUBLIC.dat,69388ea13a4f395f29d9d21bc51941b9759003490d4b00f6ff12a1bc5f8dba5c,506774,10348
NCHS 2019 public linked-mortality file,2007-2008,https://ftp.cdc.gov/pub/Health_Statistics/NCHS/datalinkage/linked_mortality/NHANES_2007_2008_MORT_2019_PUBLIC.dat,NHANES_2007_2008_MORT_2019_PUBLIC.dat,75f89bd545a13ba726a7eb56de4d62f6dfc8f0f76d505dc18ced9752d5e2c77d,498376,10149
NCHS 2019 public linked-mortality file,2009-2010,https://ftp.cdc.gov/pub/Health_Statistics/NCHS/datalinkage/linked_mortality/NHANES_2009_2010_MORT_2019_PUBLIC.dat,NHANES_2009_2010_MORT_2019_PUBLIC.dat,eabf074331e20d3f3cbb8ddf21e3a43e517f5694187c12b755741f4472894786,517751,10537
NCHS 2019 public linked-mortality file,2011-2012,https://ftp.cdc.gov/pub/Health_Statistics/NCHS/datalinkage/linked_mortality/NHANES_2011_2012_MORT_2019_PUBLIC.dat,NHANES_2011_2012_MORT_2019_PUBLIC.dat,ff98b6c87172643426b1c6d20f76495592bebd618ea18f742d98a44b84456b30,475574,9756
NCHS 2019 public linked-mortality file,2013-2014,https://ftp.cdc.gov/pub/Health_Statistics/NCHS/datalinkage/linked_mortality/NHANES_2013_2014_MORT_2019_PUBLIC.dat,NHANES_2013_2014_MORT_2019_PUBLIC.dat,588acea1d4cdf47a14cc9a35bd56e372739b8788d63ca0af98bf954c70c29905,494268,10175
NCHS 2019 public linked-mortality file,2015-2016,https://ftp.cdc.gov/pub/Health_Statistics/NCHS/datalinkage/linked_mortality/NHANES_2015_2016_MORT_2019_PUBLIC.dat,NHANES_2015_2016_MORT_2019_PUBLIC.dat,f392baaf9c20a4c75bc9936775ba956e64528fa5ada5102b08f86f64e41e84a0,484288,9971
NHANES public-use component,2005-2006,https://wwwn.cdc.gov/Nchs/Data/Nhanes/Public/2005/DataFiles/BIOPRO_D.XPT,BIOPRO_D.XPT,6de916025812b78db1b81e62f77d94d83ed8b046d9d5c8a9d584f7caec120310,2072000,6980
NHANES public-use component,2007-2008,https://wwwn.cdc.gov/Nchs/Data/Nhanes/Public/2007/DataFiles/BIOPRO_E.XPT,BIOPRO_E.XPT,6c2cec1e790c09e0319bf5a576a2ab64861d4270679c8113663f83a6b7087ced,2053360,6917
NHANES public-use component,2009-2010,https://wwwn.cdc.gov/Nchs/Data/Nhanes/Public/2009/DataFiles/BIOPRO_F.XPT,BIOPRO_F.XPT,d138350f6a9318bb6a411b67f511e8eded677baa6ca8f4cad70dd86a0f0f428a,2187200,7369
NHANES public-use component,2011-2012,https://wwwn.cdc.gov/Nchs/Data/Nhanes/Public/2011/DataFiles/BIOPRO_G.XPT,BIOPRO_G.XPT,8c3a0b1bea79ff79c5600ad6a76c4206a7d689479f94ae81da6360058eda5d05,1997040,6549
NHANES public-use component,2013-2014,https://wwwn.cdc.gov/Nchs/Data/Nhanes/Public/2013/DataFiles/BIOPRO_H.XPT,BIOPRO_H.XPT,b114fde7fc46933e6b4e3f620b8e7b61ea5b46f82121c0dc05a7b8c1fbdd0548,2127760,6979
NHANES public-use component,2015-2016,https://wwwn.cdc.gov/Nchs/Data/Nhanes/Public/2015/DataFiles/BIOPRO_I.XPT,BIOPRO_I.XPT,1c6dd63f97db81f50891a0327c2b0f90d889c991518fea5ac2113cbf8e1a94ac,2056320,6744
NHANES public-use component,1999-2000,https://wwwn.cdc.gov/Nchs/Data/Nhanes/Public/1999/DataFiles/BMX.XPT,BMX.XPT,6b9bc4d998c0004fc42b213cc7f5bf347df937707f46d6d25fab926723a60500,2827840,9282
NHANES public-use component,2001-2002,https://wwwn.cdc.gov/Nchs/Data/Nhanes/Public/2001/DataFiles/BMX_B.XPT,BMX_B.XPT,55715d4387960f88e48a2adf44da0b270a83290b1edf7c8e4ecc0eb2c29c59cf,2183680,10477
NHANES public-use component,2003-2004,https://wwwn.cdc.gov/Nchs/Data/Nhanes/Public/2003/DataFiles/BMX_C.XPT,BMX_C.XPT,b3d3e431b5964ea8b5807035044322fcf32f3878d814d4a844204e51c793f090,2551120,9643
NHANES public-use component,2005-2006,https://wwwn.cdc.gov/Nchs/Data/Nhanes/Public/2005/DataFiles/BMX_D.XPT,BMX_D.XPT,a52909be94cf825ba8a65477a9528603576fd5fbf3abadd72549a3f15c88566e,2153760,9950
NHANES public-use component,2007-2008,https://wwwn.cdc.gov/Nchs/Data/Nhanes/Public/2007/DataFiles/BMX_E.XPT,BMX_E.XPT,b67b50dbd12c9510b49b6348b595b9fd073c422c0c6eac182f90ac57b491a97d,1800240,9762
NHANES public-use component,2009-2010,https://wwwn.cdc.gov/Nchs/Data/Nhanes/Public/2009/DataFiles/BMX_F.XPT,BMX_F.XPT,1fa42e07764037674c3f56e1e76f990e10c32245897597de3d731c57b91d869a,1890560,10253
NHANES public-use component,2011-2012,https://wwwn.cdc.gov/Nchs/Data/Nhanes/Public/2011/DataFiles/BMX_G.XPT,BMX_G.XPT,4814bfc3047ed400b9d43d285f8c3ea7c940ac6489404a9b699579715d158ec3,1946720,9338
NHANES public-use component,2013-2014,https://wwwn.cdc.gov/Nchs/Data/Nhanes/Public/2013/DataFiles/BMX_H.XPT,BMX_H.XPT,fd5e9fc6e6aab0a4aee6e699f51497bbc9b62101f7f43aee924c473e38fd9442,2045520,9813
NHANES public-use component,2015-2016,https://wwwn.cdc.gov/Nchs/Data/Nhanes/Public/2015/DataFiles/BMX_I.XPT,BMX_I.XPT,d31da84e14212b4e58e8340598a5b8e2144fac83333563e966eb1b332e4141d6,1989600,9544
NHANES public-use component,1999-2000,https://wwwn.cdc.gov/Nchs/Data/Nhanes/Public/1999/DataFiles/BPX.XPT,BPX.XPT,ab99dc870f4d5fbec80642ad4b72bde73cb50d0ae630f01c9e74de5a309759f4,2232640,9282
NHANES public-use component,2001-2002,https://wwwn.cdc.gov/Nchs/Data/Nhanes/Public/2001/DataFiles/BPX_B.XPT,BPX_B.XPT,d4214e708ccd12816a00e681f310e1e0eca14ac933c3b1cab21b1e000b871ad8,2519440,10477
NHANES public-use component,2003-2004,https://wwwn.cdc.gov/Nchs/Data/Nhanes/Public/2003/DataFiles/BPX_C.XPT,BPX_C.XPT,4df5a7dbd9e3b882b34ad516e80d09abbd0688a46d011711e7f9cdecf53ece36,2319280,9643
NHANES public-use component,2005-2006,https://wwwn.cdc.gov/Nchs/Data/Nhanes/Public/2005/DataFiles/BPX_D.XPT,BPX_D.XPT,aed2f33909986e1ff0e3d58ad35795741ee90b1d146420ccbc4c5fff9436c0e9,2233440,9950
NHANES public-use component,2007-2008,https://wwwn.cdc.gov/Nchs/Data/Nhanes/Public/2007/DataFiles/BPX_E.XPT,BPX_E.XPT,5a0303e68e0a4d7ebdbd2bc82f87852c31e44f1733782e107219bed9303baed5,2113200,9762
NHANES public-use component,2009-2010,https://wwwn.cdc.gov/Nchs/Data/Nhanes/Public/2009/DataFiles/BPX_F.XPT,BPX_F.XPT,d09af545c732e5fb72c437e870823ec5d9efaed1ef3522210dcc1d8f47b9be57,2219280,10253
NHANES public-use component,2011-2012,https://wwwn.cdc.gov/Nchs/Data/Nhanes/Public/2011/DataFiles/BPX_G.XPT,BPX_G.XPT,1dd66110f41465d601cd54f1e3c6010baafb9375f09fbcaa3aef2536876146fd,2021600,9338
NHANES public-use component,2013-2014,https://wwwn.cdc.gov/Nchs/Data/Nhanes/Public/2013/DataFiles/BPX_H.XPT,BPX_H.XPT,b6641efc30ac9b9de328dfbf4110d0d120439aadca2c2bc89f2e77310d1a0c8e,1809600,9813
NHANES public-use component,2015-2016,https://wwwn.cdc.gov/Nchs/Data/Nhanes/Public/2015/DataFiles/BPX_I.XPT,BPX_I.XPT,45d5c9fa101ccc6da82241bd45c99611595e699665eed2cfed232e9070b52cc1,1607120,9544
NHANES public-use component,2005-2006,https://wwwn.cdc.gov/Nchs/Data/Nhanes/Public/2005/DataFiles/CBC_D.XPT,CBC_D.XPT,06c68d5d40146dd606ffeb038dee1295f9a9f63009033bd78a14e0636717aad7,1589600,9440
NHANES public-use component,2007-2008,https://wwwn.cdc.gov/Nchs/Data/Nhanes/Public/2007/DataFiles/CBC_E.XPT,CBC_E.XPT,e83558b948eaf1b002e029d69731c01c81935ebf85013358d59d2aa95ad38a26,1567280,9307
NHANES public-use component,2009-2010,https://wwwn.cdc.gov/Nchs/Data/Nhanes/Public/2009/DataFiles/CBC_F.XPT,CBC_F.XPT,47e7f693c7899a2d487502ec4a23accadf73001292dc566e8832364e48edd5f7,1656000,9835
NHANES public-use component,2011-2012,https://wwwn.cdc.gov/Nchs/Data/Nhanes/Public/2011/DataFiles/CBC_G.XPT,CBC_G.XPT,f5fd08c8f7564d73429579620f3dab4aec48cfdb0a908e450c0ea849d80589c0,1508320,8956
NHANES public-use component,2013-2014,https://wwwn.cdc.gov/Nchs/Data/Nhanes/Public/2013/DataFiles/CBC_H.XPT,CBC_H.XPT,08f6fca4aacebacafb2b311c2edfc6897ad92f2c8f8dab14e18bf41acdc4ddee,1586640,9422
NHANES public-use component,2015-2016,https://wwwn.cdc.gov/Nchs/Data/Nhanes/Public/2015/DataFiles/CBC_I.XPT,CBC_I.XPT,d2605788819fb3507d1a002379d69eba1ed6d3edc2b5413a947f2c2481b21278,1543440,9165
NHANES public-use component,2005-2006,https://wwwn.cdc.gov/Nchs/Data/Nhanes/Public/2005/DataFiles/CRP_D.XPT,CRP_D.XPT,4afe7cc036d3268601dc77ba1d3d9b85bbec80c2bc0670ec554550001aa0498b,152080,9440
NHANES public-use component,2007-2008,https://wwwn.cdc.gov/Nchs/Data/Nhanes/Public/2007/DataFiles/CRP_E.XPT,CRP_E.XPT,5cf3fc87d8c5eb8b8c053e5a8ea183b62dd29b417c4aeaaa53dc4b354ef611ab,140480,8712
NHANES public-use component,2009-2010,https://wwwn.cdc.gov/Nchs/Data/Nhanes/Public/2009/DataFiles/CRP_F.XPT,CRP_F.XPT,049ab627054bda1b540353b0e80bfd9c1ef2ef67b22cb0f1a84f22a42404fc1f,148480,9211
NHANES public-use component,1999-2000,https://wwwn.cdc.gov/Nchs/Data/Nhanes/Public/1999/DataFiles/DEMO.XPT,DEMO.XPT,a17bd1ebfd6007b8dc93f16259cb090678eb6c467a39363b7e932bba15febf89,11500560,9965
NHANES public-use component,2001-2002,https://wwwn.cdc.gov/Nchs/Data/Nhanes/Public/2001/DataFiles/DEMO_B.XPT,DEMO_B.XPT,6458dc2307cee244ab6ba26f70ec78c7b842ffc68e668bc43f0ab6b9737937d9,3273520,11039
NHANES public-use component,2003-2004,https://wwwn.cdc.gov/Nchs/Data/Nhanes/Public/2003/DataFiles/DEMO_C.XPT,DEMO_C.XPT,2a2fdb88263337bfa06f0516bfb419631595f0a0ee88fb96069bed13d1857c6f,3569840,10122
NHANES public-use component,2005-2006,https://wwwn.cdc.gov/Nchs/Data/Nhanes/Public/2005/DataFiles/DEMO_D.XPT,DEMO_D.XPT,bf9cc79cce501b2fbe5aa8d5b403b618548d02d4aefeb528335cdd9f4c40a3af,3566560,10348
NHANES public-use component,2007-2008,https://wwwn.cdc.gov/Nchs/Data/Nhanes/Public/2007/DataFiles/DEMO_E.XPT,DEMO_E.XPT,02b8e97703d04bc99769c751881bece51ac9ba68cf18a2992a45d3bdfb856147,3498080,10149
NHANES public-use component,2009-2010,https://wwwn.cdc.gov/Nchs/Data/Nhanes/Public/2009/DataFiles/DEMO_F.XPT,DEMO_F.XPT,78c4d4a6e5eafa9da3bbb24a90d140fef5d8c0cda932a7ff8ee609288d4fae07,3631600,10537
NHANES public-use component,2011-2012,https://wwwn.cdc.gov/Nchs/Data/Nhanes/Public/2011/DataFiles/DEMO_G.XPT,DEMO_G.XPT,eaf0525d1952626885af3e935415a1f66ad62c18698080e7354789c125af252d,3753760,9756
NHANES public-use component,2013-2014,https://wwwn.cdc.gov/Nchs/Data/Nhanes/Public/2013/DataFiles/DEMO_H.XPT,DEMO_H.XPT,f8f0cbb3085a323d4cde22349b164878fea1e64dbc404e65b5815c7816b547d7,3833200,10175
NHANES public-use component,2015-2016,https://wwwn.cdc.gov/Nchs/Data/Nhanes/Public/2015/DataFiles/DEMO_I.XPT,DEMO_I.XPT,c9297c6c37ae8f78f29be9568fa2a03cf3b112616a39afee04030fc775a66a0d,3756480,9971
NHANES public-use component,2005-2006,https://wwwn.cdc.gov/Nchs/Data/Nhanes/Public/2005/DataFiles/GHB_D.XPT,GHB_D.XPT,5662b07e9c0ac2afa600604b4e0f224567ce9e1e07b8787aaf5ad98717701f29,112720,6980
NHANES public-use component,2007-2008,https://wwwn.cdc.gov/Nchs/Data/Nhanes/Public/2007/DataFiles/GHB_E.XPT,GHB_E.XPT,4c0311851825e9e0352c58af193c58d8f7a3af613aa5f522893e3c8f83e53a53,111760,6917
NHANES public-use component,2009-2010,https://wwwn.cdc.gov/Nchs/Data/Nhanes/Public/2009/DataFiles/GHB_F.XPT,GHB_F.XPT,98505d8aa707bd06b8b1d488d1ecdf13388bffea6ec1b89929726e7d2b32703b,118960,7369
NHANES public-use component,2011-2012,https://wwwn.cdc.gov/Nchs/Data/Nhanes/Public/2011/DataFiles/GHB_G.XPT,GHB_G.XPT,8ff7cc95461fdfd47d2c9640b944a2bcd45926a3c0e64c98a09a4cef6c0f88d7,105840,6549
NHANES public-use component,2013-2014,https://wwwn.cdc.gov/Nchs/Data/Nhanes/Public/2013/DataFiles/GHB_H.XPT,GHB_H.XPT,0695894ad55ac96f315a8415401977b0856c402d16762115b534bcd5dfeae89e,112720,6979
NHANES public-use component,2015-2016,https://wwwn.cdc.gov/Nchs/Data/Nhanes/Public/2015/DataFiles/GHB_I.XPT,GHB_I.XPT,e4bc626cd12f6057c7806aef4f85874c9bf1407a7480d6621a4af142260addd2,108960,6744
NHANES public-use component,2005-2006,https://wwwn.cdc.gov/Nchs/Data/Nhanes/Public/2005/DataFiles/GLU_D.XPT,GLU_D.XPT,7ddfb26f4fc8a1e33a5b0bf8ed3371d0fc95da3dddc7b6a8de8dd6148bd73c17,216400,3352
NHANES public-use component,2007-2008,https://wwwn.cdc.gov/Nchs/Data/Nhanes/Public/2007/DataFiles/GLU_E.XPT,GLU_E.XPT,1b9248c4ef597a900e89e66c302e98bf07ce8978a47a32a7a41d3e31ef188aad,214000,3315
NHANES public-use component,2009-2010,https://wwwn.cdc.gov/Nchs/Data/Nhanes/Public/2009/DataFiles/GLU_F.XPT,GLU_F.XPT,5d9ceb7c8311f0d1eea90f93aecc30615a462cf95c4c52046336a350fcd4f5c1,231040,3581
NHANES public-use component,2011-2012,https://wwwn.cdc.gov/Nchs/Data/Nhanes/Public/2011/DataFiles/GLU_G.XPT,GLU_G.XPT,e9c3816dbdfc21cd53a23d63c3610d2550662ee41a21df0a5b72c4a16cd1a8fd,209200,3239
NHANES public-use component,2013-2014,https://wwwn.cdc.gov/Nchs/Data/Nhanes/Public/2013/DataFiles/GLU_H.XPT,GLU_H.XPT,8aa3a41a8135eea6ad761bf7711ec18b29698d76aca3ae8fe487ef89ec9631da,161440,3329
NHANES public-use component,2015-2016,https://wwwn.cdc.gov/Nchs/Data/Nhanes/Public/2015/DataFiles/GLU_I.XPT,GLU_I.XPT,3a52f14346060819c79faa8d646c1dfc33d5a85c1df13d23e10aa4fff0d1bb87,103440,3191
NHANES public-use component,2005-2006,https://wwwn.cdc.gov/Nchs/Data/Nhanes/Public/2005/DataFiles/HDL_D.XPT,HDL_D.XPT,1c6d56cbf21819c95a49e5045de1fce408af156bb88a0c7b3e33d37e9afd204b,195280,8086
NHANES public-use component,2007-2008,https://wwwn.cdc.gov/Nchs/Data/Nhanes/Public/2007/DataFiles/HDL_E.XPT,HDL_E.XPT,3c7021fb4411990551c3ea3f86c5b870c325a23b2b1656054d1ec10883bee19c,196400,8132
NHANES public-use component,2009-2010,https://wwwn.cdc.gov/Nchs/Data/Nhanes/Public/2009/DataFiles/HDL_F.XPT,HDL_F.XPT,d813b41ddf57bfd791a354463b5d90e9276ed3c2464b7f68bef4d007719c7a50,207440,8591
NHANES public-use component,2011-2012,https://wwwn.cdc.gov/Nchs/Data/Nhanes/Public/2011/DataFiles/HDL_G.XPT,HDL_G.XPT,ffc060d394cc487f3206462fdfc77648bdbdd6e279bfc5dd8e9cbba3ccdcac4f,188960,7821
NHANES public-use component,2013-2014,https://wwwn.cdc.gov/Nchs/Data/Nhanes/Public/2013/DataFiles/HDL_H.XPT,HDL_H.XPT,d5aef1b9e9869d8124f7b2f81da38328827d06ea80d2f630f815a0ecd0c58a66,200240,8291
NHANES public-use component,2015-2016,https://wwwn.cdc.gov/Nchs/Data/Nhanes/Public/2015/DataFiles/HDL_I.XPT,HDL_I.XPT,c967ff1ba25e2f8c7611e078c68ede2e1287823c10f109e3a0b8590532e56747,193760,8021
NHANES public-use component,2015-2016,https://wwwn.cdc.gov/Nchs/Data/Nhanes/Public/2015/DataFiles/HSCRP_I.XPT,HSCRP_I.XPT,fe171120e6aa16d1d6fe04232c0d7ba54b25f9b3855783d78516437f173aa396,221200,9165
NHANES public-use component,2001-2002,https://wwwn.cdc.gov/Nchs/Data/Nhanes/Public/2001/DataFiles/L10_B.XPT,L10_B.XPT,39ce5bbda8caed4246c89687b7e0f2853c8311274e301821593d631308108fd3,120160,7445
NHANES public-use component,2003-2004,https://wwwn.cdc.gov/Nchs/Data/Nhanes/Public/2003/DataFiles/L10_C.XPT,L10_C.XPT,423d73cdd3d37e07b6bbd506bd3d2f39ce5700eebd495fc59e57337a07e122b3,112880,6990
NHANES public-use component,2001-2002,https://wwwn.cdc.gov/Nchs/Data/Nhanes/Public/2001/DataFiles/L11_B.XPT,L11_B.XPT,1a78e83a59aaa4a04aeb8ed7abeaeb4b87e9950601ac428c52fae9ce53e9bbbc,446240,9262
NHANES public-use component,2003-2004,https://wwwn.cdc.gov/Nchs/Data/Nhanes/Public/2003/DataFiles/L11_C.XPT,L11_C.XPT,f8941c4561d166fe68c16194108269ba00b4bfbe2aa10b20d5bfbc0c7e521760,295040,9179
NHANES public-use component,2001-2002,https://wwwn.cdc.gov/Nchs/Data/Nhanes/Public/2001/DataFiles/L13AM_B.XPT,L13AM_B.XPT,ae21896da059cea16d40b5f5618c75794684af4e8cbb9d3fbe66b578add447f8,251760,4464
NHANES public-use component,2003-2004,https://wwwn.cdc.gov/Nchs/Data/Nhanes/Public/2003/DataFiles/L13AM_C.XPT,L13AM_C.XPT,f66442cdf95a025540e61b3ab2fcb782d0bd4dc4facce517481c02b3fda85315,195280,4034
NHANES public-use component,2001-2002,https://wwwn.cdc.gov/Nchs/Data/Nhanes/Public/2001/DataFiles/L13_B.XPT,L13_B.XPT,28b32f39fdfc2a2b6d48fbaf62415ff70ef55ee3c28ec930679b0040e2f6481b,371920,9262
NHANES public-use component,2003-2004,https://wwwn.cdc.gov/Nchs/Data/Nhanes/Public/2003/DataFiles/L13_C.XPT,L13_C.XPT,d62321a2f8b5b949a4898e89d4010c67c0425ecd5fb2632c0d56999ae8bbdb69,343680,8556
NHANES public-use component,2001-2002,https://wwwn.cdc.gov/Nchs/Data/Nhanes/Public/2001/DataFiles/L25_B.XPT,L25_B.XPT,4bce7e5622c4b79b9965d7869875e05dae547c4b222fd89db47b8efb430b85f3,1671760,9929
NHANES public-use component,2003-2004,https://wwwn.cdc.gov/Nchs/Data/Nhanes/Public/2003/DataFiles/L25_C.XPT,L25_C.XPT,3231a8c24179b37014ddb7b6ec1afaa30295dcb14a917af30666be1e8ad9fb6e,1545760,9179
NHANES public-use component,2001-2002,https://wwwn.cdc.gov/Nchs/Data/Nhanes/Public/2001/DataFiles/L40_B.XPT,L40_B.XPT,16f907f3a945cc24d053a9492a3f90edd3e0335f70ba047bbd9952ba6a00e182,2448480,7445
NHANES public-use component,2003-2004,https://wwwn.cdc.gov/Nchs/Data/Nhanes/Public/2003/DataFiles/L40_C.XPT,L40_C.XPT,a5642b8aa6e90ee0961562572f7152d47df67a318dd41cb164e3a2fe4aaaae4d,2074960,6990
NHANES public-use component,1999-2000,https://wwwn.cdc.gov/Nchs/Data/Nhanes/Public/1999/DataFiles/LAB10.XPT,LAB10.XPT,af0f1ef9c342f085e9b699115f92745f70e9cee1a0142fbc968d806d7656a553,109200,6758
NHANES public-use component,1999-2000,https://wwwn.cdc.gov/Nchs/Data/Nhanes/Public/1999/DataFiles/LAB10AM.XPT,LAB10AM.XPT,2482ce90ca5fef01397508a6300ca3190c9a7fccb82f9fefe383a0c25353a932,210960,3267
NHANES public-use component,1999-2000,https://wwwn.cdc.gov/Nchs/Data/Nhanes/Public/1999/DataFiles/LAB11.XPT,LAB11.XPT,9ed9904dfc804b50c2c08b763b43d7df702913fc010c0f877e10f9f195ee183a,469040,8344
NHANES public-use component,1999-2000,https://wwwn.cdc.gov/Nchs/Data/Nhanes/Public/1999/DataFiles/LAB13.XPT,LAB13.XPT,45fb87d575f6a16d52dbfc59d70fe7ad95bded2e96262b4c768a7ccdf736b096,335200,8344
NHANES public-use component,1999-2000,https://wwwn.cdc.gov/Nchs/Data/Nhanes/Public/1999/DataFiles/LAB13AM.XPT,LAB13AM.XPT,a475ad649a69404dfc918df9f1be538c98c16f2e305005f3f63a7c82ef4497a3,221040,3915
NHANES public-use component,1999-2000,https://wwwn.cdc.gov/Nchs/Data/Nhanes/Public/1999/DataFiles/LAB18.XPT,LAB18.XPT,36dc6f02045ceb61e146885bb04400fd580c9c35cc3bfc4269e314f0e06fe9c0,2223120,6758
NHANES public-use component,1999-2000,https://wwwn.cdc.gov/Nchs/Data/Nhanes/Public/1999/DataFiles/LAB25.XPT,LAB25.XPT,f69ef53e50fb3eea6a9e03b0e1167f201ecdb6ad485793002f4f7bee100fbd45,1487520,8832
NHANES public-use component,2005-2006,https://wwwn.cdc.gov/Nchs/Data/Nhanes/Public/2005/DataFiles/TCHOL_D.XPT,TCHOL_D.XPT,e3807e23aee2a6617b2a051d3d370a2be52be7325f6271432d514aca7f13dd4f,195280,8086
NHANES public-use component,2007-2008,https://wwwn.cdc.gov/Nchs/Data/Nhanes/Public/2007/DataFiles/TCHOL_E.XPT,TCHOL_E.XPT,1e137eb4fcccd0c0e104b4b1849f00b09e8a9077e2143e844a09bb673507fff1,196400,8132
NHANES public-use component,2009-2010,https://wwwn.cdc.gov/Nchs/Data/Nhanes/Public/2009/DataFiles/TCHOL_F.XPT,TCHOL_F.XPT,87a237c6bcf8fe623db0ace18c5629bc6e8fddd98d4202a5a2d449958d13c4db,207440,8591
NHANES public-use component,2011-2012,https://wwwn.cdc.gov/Nchs/Data/Nhanes/Public/2011/DataFiles/TCHOL_G.XPT,TCHOL_G.XPT,08682d7bcee71c1a5c5d977ebfe5f55eda43354a4ff76b07c3fbb487075e0731,188960,7821
NHANES public-use component,2013-2014,https://wwwn.cdc.gov/Nchs/Data/Nhanes/Public/2013/DataFiles/TCHOL_H.XPT,TCHOL_H.XPT,0867a9d340dc84eec8dc1f08672e7ffd0a364b57a92533973c460acb4f52d643,200240,8291
NHANES public-use component,2015-2016,https://wwwn.cdc.gov/Nchs/Data/Nhanes/Public/2015/DataFiles/TCHOL_I.XPT,TCHOL_I.XPT,e7f51cf7c002db01d023278922d89d72318c679967e72ff259ba532b2d72e54d,193760,8021
NHANES public-use component,2005-2006,https://wwwn.cdc.gov/Nchs/Data/Nhanes/Public/2005/DataFiles/TRIGLY_D.XPT,TRIGLY_D.XPT,e444b633220b12c14fb626a5608a5e816fd052dd0baae7cdb57d43be6e899d26,216400,3352
NHANES public-use component,2007-2008,https://wwwn.cdc.gov/Nchs/Data/Nhanes/Public/2007/DataFiles/TRIGLY_E.XPT,TRIGLY_E.XPT,59b5e7d9d15e003c6892893052a1820851c744fffa091f637c3b8881bab1e85e,160720,3315
NHANES public-use component,2009-2010,https://wwwn.cdc.gov/Nchs/Data/Nhanes/Public/2009/DataFiles/TRIGLY_F.XPT,TRIGLY_F.XPT,093c704154eb1a0e37c02a4e29c3584b3b7e1725153473c36320de8c51f7fc93,173520,3581
NHANES public-use component,2011-2012,https://wwwn.cdc.gov/Nchs/Data/Nhanes/Public/2011/DataFiles/TRIGLY_G.XPT,TRIGLY_G.XPT,4b7f9c73f5169f8bb582823d00a8e488d6985ea9d8784f85ee63ff60179589a0,157120,3239
NHANES public-use component,2013-2014,https://wwwn.cdc.gov/Nchs/Data/Nhanes/Public/2013/DataFiles/TRIGLY_H.XPT,TRIGLY_H.XPT,ebf6138309a51068d8d67e79e4935296d125dfbda6c562b4538bfc6f43095eca,161440,3329
NHANES public-use component,2015-2016,https://wwwn.cdc.gov/Nchs/Data/Nhanes/Public/2015/DataFiles/TRIGLY_I.XPT,TRIGLY_I.XPT,dd5a24f7b3bff19f899db38b766445bc4217b6ec6d1bd1accf7065a037e8a59d,154800,3191
