artifact_name	expected_path	producer_notebook	consumer_notebooks	artifact_role	git_status	storage_status	provenance_status	notes
nhanes_1999_2016_extended_mortality_model_dataset.parquet	$MYDRIVE/LRE/data/pub/nhanes_1999_2016_extended_mortality_model_dataset.parquet	notebooks/01_nhanes_extended_dataset_builder.ipynb	notebooks/02_benchmark_dataset_builder.ipynb	Extended mortality-linked analytic dataset	not_applicable	regenerable_from_public_sources	producer_verified	Large participant-level dataset; not committed by design
benchmark_levine_no_crp_cohort.parquet	$MYDRIVE/LRE/data/pub/benchmark_levine_no_crp_cohort.parquet	notebooks/02_benchmark_dataset_builder.ipynb	notebooks/03_demographic_risk_model.ipynb; scripts/run_sprint2_validation.py	Aligned no-CRP benchmark cohort	not_applicable	external_google_drive	producer_verified	Local external copy hash f53d03317a6e...e87125
physiorisk_v1_frozen_baseline_train_levinenocrp.parquet	$MYDRIVE/LRE/data/pub/baseline/levine_benchmark/physiorisk_v1_frozen_baseline_train_levinenocrp.parquet	notebooks/03_demographic_risk_model.ipynb	notebooks/04_physiorisk_scoring.ipynb	Frozen DemoRisk-scored training split	not_applicable	external_google_drive	producer_verified	Legacy score column is BaselineRisk
physiorisk_v1_frozen_baseline_test_levinenocrp.parquet	$MYDRIVE/LRE/data/pub/baseline/levine_benchmark/physiorisk_v1_frozen_baseline_test_levinenocrp.parquet	notebooks/03_demographic_risk_model.ipynb	notebooks/04_physiorisk_scoring.ipynb	Frozen DemoRisk-scored temporal test split	not_applicable	external_google_drive	producer_verified	Legacy score column is BaselineRisk
baseline_risk_v1_temporal_fit_levinenocrp.pkl	$MYDRIVE/LRE/data/pub/baseline/levine_benchmark/baseline_risk_v1_temporal_fit_levinenocrp.pkl	notebooks/03_demographic_risk_model.ipynb	not_applicable	Frozen DemoRisk Cox model	not_applicable	external_google_drive	producer_verified	Referenced producer; not found in WSL/Git
baseline_risk_v1_temporal_metadata_levinenocrp.json	$MYDRIVE/LRE/data/pub/baseline/levine_benchmark/baseline_risk_v1_temporal_metadata_levinenocrp.json	notebooks/03_demographic_risk_model.ipynb	not_applicable	Frozen DemoRisk split/model metadata	not_applicable	external_google_drive	producer_verified	Candidate for later small-artifact export after inspection
physiorisk_2axis_v1_train_scored_from_frozen_baseline_levinenocrp.parquet	$MYDRIVE/LRE/data/pub/physiorisk_2axis_v1_train_scored_from_frozen_baseline_levinenocrp.parquet	notebooks/04_physiorisk_scoring.ipynb	notebooks/05_physiorisk_model_validation.ipynb; notebooks/07_totalrisk_reconstruction.ipynb; scripts/run_sprint2_validation.py	Frozen scored training cohort	not_applicable	external_google_drive	producer_verified	Local external copy hash e8f435b5a8b6...c22cbb86
physiorisk_2axis_v1_test_scored_from_frozen_baseline_levinenocrp.parquet	$MYDRIVE/LRE/data/pub/physiorisk_2axis_v1_test_scored_from_frozen_baseline_levinenocrp.parquet	notebooks/04_physiorisk_scoring.ipynb	notebooks/05_physiorisk_model_validation.ipynb; notebooks/06_physiorisk_figures.ipynb; notebooks/07_totalrisk_reconstruction.ipynb; scripts/run_sprint2_validation.py	Frozen scored temporal test cohort	not_applicable	external_google_drive	producer_verified	Local external copy hash 1455e24e8ca3...56d08ca
physiorisk_vs_phenoage_aligned_comparison.csv	$MYDRIVE/LRE/data/pub/benchmark_levine/physiorisk_vs_phenoage_aligned_comparison.csv	notebooks/05_physiorisk_model_validation.ipynb	notebooks/06_physiorisk_figures.ipynb; manuscript assembly	Submitted benchmark comparison and Table 2 source	pending_export	external_google_drive	producer_verified	Legacy score identifiers retained
test_phenoage_compare_outputs.parquet	$MYDRIVE/LRE/data/pub/benchmark_levine/test_phenoage_compare_outputs.parquet	notebooks/05_physiorisk_model_validation.ipynb	notebooks/06_physiorisk_figures.ipynb	Row-level PhenoAge NCP and acceleration for figures	not_applicable	external_google_drive	producer_verified	Explicit to_parquet cell verified in notebook 05
Fig1.png; Fig1.tiff	figures/Fig1.png; figures/Fig1.tiff	notebooks/06_physiorisk_figures.ipynb	manuscript assembly	Manuscript Figure 1	committed	committed	producer_verified	Figure notebook also writes PDF externally
Fig2.png; Fig2.tiff	figures/Fig2.png; figures/Fig2.tiff	notebooks/06_physiorisk_figures.ipynb	manuscript assembly	Manuscript Figure 2	committed	committed	producer_verified	Figure notebook also writes PDF externally
manuscript_table_1	manuscript/PhysioRisk_BMC_MIDM_v2.docx	manuscript assembly	manuscript	Original NHANES cycle counts	committed	committed	producer_unverified	Embedded table; no standalone source export identified
calibration_fixed_horizons.csv	tables/calibration_fixed_horizons.csv	scripts/run_sprint2_validation.py	notebooks/08_validation_v2.ipynb	Calibration intercept/slope and fixed-horizon metrics	committed	committed	producer_verified	Post-review validation output
calibration_plot_data.csv	tables/calibration_plot_data.csv	scripts/run_sprint2_validation.py	notebooks/08_validation_v2.ipynb	Calibration plot source data	committed	committed	producer_verified	Post-review validation output
validation_v2.csv	tables/validation_v2.csv	scripts/run_sprint2_validation.py	notebooks/08_validation_v2.ipynb	Validation metrics and bootstrap intervals	committed	committed	producer_verified	Post-review validation output
cindex_bootstrap_contrasts.csv	tables/cindex_bootstrap_contrasts.csv	scripts/run_sprint2_validation.py	notebooks/08_validation_v2.ipynb	Paired C-index contrasts	committed	committed	producer_verified	Post-review validation output
cohort_flow.csv	tables/cohort_flow.csv	scripts/run_sprint2_validation.py	notebooks/09_cohort_comparator_sensitivity.ipynb	Retained-benchmark cohort flow	committed	committed	producer_verified	Does not recover upstream source exclusions
missingness_by_cycle.csv	tables/missingness_by_cycle.csv	scripts/run_sprint2_validation.py	notebooks/09_cohort_comparator_sensitivity.ipynb	Retained-benchmark missingness	committed	committed	producer_verified	Must not be generalized upstream
comparator_sensitivity.csv	tables/comparator_sensitivity.csv	scripts/run_sprint2_validation.py	notebooks/09_cohort_comparator_sensitivity.ipynb	Common-cohort comparator sensitivity	committed	committed	producer_verified	Imputation is a no-op in retained complete data
physiorisk_ablation_v1_*.csv	$MYDRIVE/LRE/data/pub/physiorisk_ablation_v1_*.csv	notebooks/07_ablation_analysis_optional.ipynb	not_applicable	Optional historical v1/v2/v3 ablation tables	pending_export	external_google_drive	producer_verified	Not part of direct submitted two-axis pipeline
